{
    "best_model_name": "LSTM",
    "metrics": {
        "MAE": 0.6644628650567548,
        "RMSE": 1.3485624060285548,
        "R2": 0.9982349351748182
    }
}