{
    "Linear Regression": {
        "MAE": 0.650247720364493,
        "RMSE": 1.3560126294693318,
        "R2": 0.9982153788655866
    },
    "Decision Tree": {
        "MAE": 1.6539604498779221,
        "RMSE": 3.1422759587457105,
        "R2": 0.9904168737795697
    },
    "Random Forest": {
        "MAE": 1.470192553582957,
        "RMSE": 2.8990448408174028,
        "R2": 0.9918430381968585
    },
    "XGBoost": {
        "MAE": 1.572655261728733,
        "RMSE": 2.960486504237705,
        "R2": 0.9914936208919042
    },
    "LSTM": {
        "MAE": 0.6644628650567548,
        "RMSE": 1.3485624060285548,
        "R2": 0.9982349351748182
    },
    "Hybrid LSTM + XGBoost": {
        "MAE": 1.078166818129056,
        "RMSE": 1.8652801969368924,
        "R2": 0.996623189248204
    }
}